actual_label	image	predicted_label
V Neck	550_803d038f3ac5138450938cff60861b7e.jpg	V Neck
U neck	1393_3598ee907f9477c94a5434c9131b692d.jpg	U neck
V Neck	4346_55fd9a40daec7890f02af7d4d6d17c76.jpg	V Neck
U neck	2525_23f3807345f64a191482e2ef804368f0.jpg	U neck
V Neck	2742_56ade43128c8b1c0db349e0b28745005.jpg	V Neck
U neck	3265_c85ee32de5dca576d40dfc7a1fb3a00b.jpg	V Neck
U neck	3198_3090cb52198fb0083ad18d345669c24d.jpg	U neck
U neck	4914_777082b494274466e9414a8797abfa71.jpg	U neck
U neck	4704_c6f8f7f25254120e888cf72d838906df.jpg	V Neck
U neck	1218_e396d37068a28a101d93d536655b2afe.jpg	V Neck
U neck	1864_10d69be0454704db2cab87d57108f420.jpg	U neck
V Neck	1519_4065f5e34b0f7084826f7d9f35b41054.jpg	V Neck
U neck	3006_90088e4e2427ee79a9171fc3965d028d.jpg	U neck
U neck	2409_30e6461af897fdd7024c9d589499f37a.jpg	U neck
V Neck	965_5332e5275d8fbd125ffca7aec21aba13.jpg	V Neck
U neck	5385_e9cc8868adc0989315b35d00b725bb33.jpg	V Neck
U neck	1695_4900918e45299dced1676b7ecc52c491.jpg	U neck
U neck	3509_3023d21c2165bdee5478231e17356887.jpg	U neck
U neck	2109_c6ae35624cb6d2d749cc09d9882433c2.jpg	V Neck
U neck	1666_fc1f298d56254bcf37d286ed7dad064e.jpg	U neck
U neck	3115_009e938ea83a195cbdc50f89cbc250f3.jpg	V Neck
V Neck	952_ff914fabd25e9feeac9ea04e82244ef7.jpg	V Neck
U neck	5194_e394879d0ac43007f6ca58f91beef002.jpg	U neck
V Neck	126_44297cdcf949e2c51a7f236136c4c0ca.jpg	V Neck
U neck	304_c358e381f04f0dd391a33db85098d2ff.jpg	U neck
U neck	3088_9b846e3c986870547ac8e65dbd7a4b48.jpg	U neck
V Neck	5184_10548c313a62b38d5389c60ea2c0f43a.jpg	U neck
U neck	1956_f42f2759ee7d34fa7c6f04da9fafb69b.jpg	U neck
V Neck	5081_15c5f21b339dc7c7522b134ca91ee741.jpg	V Neck
V Neck	1316_79da7512a7d08cdb85c6a3c3f1fca120.jpg	V Neck
U neck	2526_e060c56607f5068b2030b503dc02353f.jpg	U neck
V Neck	2605_0c9dd0d1eaa8f12e9c7865f549fb43ae.jpg	U neck
U neck	418_1ed8e40581ea6ed1367cd1f0bcbbdaf7.jpg	U neck
V Neck	198_e07bd3b87288f4774c6887aa3e8d9b12.jpg	V Neck
V Neck	614_9cc3b0608a23fd3fbf379083a7ef0a2f.jpg	U neck
U neck	1657_68af140da7b9b9871c36749bcdf23c35.jpg	U neck
U neck	2021_ddae31e1728840068a6d422a1df26522.jpg	U neck
U neck	4402_7bb4841f5006a5fd2447ebcb9afab7af.jpg	U neck
V Neck	5017_ef6f18bba44c99e7de531e2343492a40.jpg	V Neck
V Neck	5547_1b52aa19b2e57aaf81fbc9652eceece3.jpg	V Neck
V Neck	2316_65b539a4aa36cb98fcbe65addf12fbb7.jpg	V Neck
V Neck	5652_ccc93872d6b15a3c1d93afd9da0e1737.jpg	V Neck
V Neck	5491_e1f9557e1a278d78b793c992141898dd.jpg	U neck
V Neck	4370_329ff27f3f7f37850c0a032459d99329.jpg	U neck
U neck	4028_cfd78d8a40a4c2e28104e492bccbf390.jpg	U neck
U neck	5379_15212e0338ed8ef53449e7d7621a6a40.jpg	U neck
U neck	5615_89ea23ed423eb2f940c3551c3e5bf053.jpg	V Neck
V Neck	1903_438f4cb71ede34e0559c03dc95f48eb7.jpg	V Neck
U neck	2479_7372b17c97584265ce8637eb604b30a4.jpg	V Neck
U neck	4870_8fdf1efbddaddd1d0b7a5b1c7c6d9602.jpg	U neck
V Neck	1323_733e884b692b7189ab6366fdcda7dee7.jpg	V Neck
U neck	4324_9f856ee683122cdaa6f5a6a3eb6a349a.jpg	U neck
U neck	1037_056e6d0e3f04b02a22233f005d342ccd.jpg	U neck
U neck	5069_25e40082d9bbec1f145ba9bde6db6564.jpg	V Neck
V Neck	2487_d3319d5ad83b943f5b6a49618f3b7d19.jpg	U neck
U neck	2814_f3344871dd15020994b7d26241a2f03c.jpg	U neck
U neck	1129_23aacc4e69df174564796a86ad58d50d.jpg	U neck
U neck	1935_0a05bd8cde6e0871d4c54a1529d4fa61.jpg	U neck
U neck	4503_9da05e4459f80b5b12458518e26ce3ca.jpg	U neck
V Neck	2488_e95f2ee20f448764da7d8c2dee74d5cf.jpg	V Neck
U neck	3287_23f1482fa798fd4abbdef46492c6e8fc.jpg	U neck
U neck	4764_756f92210dfe9f46c14548c570f7df69.jpg	U neck
V Neck	5368_6e11072c0da2af22534b2ba46a1ffe1b.jpg	U neck
U neck	1664_8e24284f083308d23505ddf2f9670c8b.jpg	U neck
U neck	4101_c8d62d4594719896f1604e4be6d07b11.jpg	U neck
U neck	5593_36115d4678110023fb1307e8cd44bbc7.jpg	U neck
U neck	1762_352c50daf40fe6180af1bac266b69c9d.jpg	U neck
U neck	4965_12b3cbbd6fe198687fc6b89a3e8f51ac.jpg	U neck
V Neck	1748_721d42590f3da79483226b80b3aec458.jpg	U neck
U neck	1946_aa1ffcd9ab969672a3410c6b683411dd.jpg	U neck
U neck	217_861a35b955af61f206be64c672540078.jpg	U neck
V Neck	3387_2845dec9624b36e02d239388a8b5d1b4.jpg	U neck
U neck	3860_40200415283dbf1ee73a0d29a951d45a.jpg	U neck
V Neck	4242_7f678e1c22645e6d70b750c8c295b2ff.jpg	V Neck
V Neck	5584_bcab80f7a45510e6a3168ed14136cce9.jpg	U neck
V Neck	2673_d38359d7abf91a4b7f3c53ce71e1d347.jpg	U neck
U neck	1605_cd0922c1ccb60dd29d7c5b9795e4975e.jpg	U neck
V Neck	2138_727ecd2cfd1a88dc96cd19ee6da09183.jpg	V Neck
U neck	362_745c3047c0fbc25d6495bc26d672591c.jpg	U neck
V Neck	670_dd516c679de24e8fa3358571432e74f6.jpg	U neck
V Neck	1550_0d795be0cf2c2c42f358eb5054e34ae1.jpg	U neck
V Neck	4222_a1cc5ae579712c7fbc9e716530379448.jpg	U neck
U neck	3920_384cdb4b27c23bb52cea5b94fa67d3d7.jpg	V Neck
V Neck	257_269d01a746b8c177bafe6d147d7e452b.jpg	V Neck
U neck	2725_984aa2ecad151e8e8204515dc3649462.jpg	U neck
V Neck	5649_5b2489a38f9a4f0889a0912e21e58b44.jpg	V Neck
V Neck	3026_bdc8900c34b78e1a6dd2e77bdf22ffff.jpg	V Neck
U neck	509_2744b32e76afaaa193bc2a5efa3f94d1.jpg	U neck
U neck	399_afec8cb92753c0b80d2693825885950d.jpg	U neck
U neck	4514_593d5198348d55572ae09ec58b3867a6.jpg	U neck
U neck	325_e531c9d05c5bd81f73fd1a0b0fa4d641.jpg	V Neck
U neck	1836_978978f05b906fbb33432ba5d35b1904.jpg	V Neck
V Neck	549_4a5cc28d1aed58adac4aac070f9bb069.jpg	U neck
U neck	2279_231a9d4c4af7272f359797b655a5d123.jpg	U neck
V Neck	639_72f602f4853d8bd2dc58790c7270157e.jpg	V Neck
U neck	5229_98dda1db08507518d51c9288ec593cda.jpg	U neck
U neck	357_54f9fde390531d67e236f302a85042fe.jpg	U neck
U neck	20_0b54a209d227c025042c5cc9a25caa43.jpg	V Neck
V Neck	4391_948b6268ba817d5ff690969b3f774110.jpg	V Neck
U neck	2152_efb786571ce2856e7a7ba2b3f50ab626.jpg	U neck
U neck	2345_b726273ff39b2ca2cea789603ccfe5a9.jpg	U neck
U neck	4978_4240614c5d3abfd379a2bc20960084e3.jpg	V Neck
V Neck	740_5e232bbb2aeb2d1bbcbc7225368c8b77.jpg	V Neck
U neck	1289_5ab70a0a946999981eae8d904aa250b0.jpg	U neck
U neck	4438_df054b101e689579e08e7ccf264a3aea.jpg	U neck
U neck	2065_3a09f32c592216380c3b73b6227d9054.jpg	U neck
U neck	1008_bae534b354300c435053b2ff6dd572d8.jpg	U neck
V Neck	1377_395de5b127b13676466ccddbb8c8bd34.jpg	V Neck
V Neck	2140_64017b26d3a7cd139370d48411e50413.jpg	U neck
V Neck	5030_247bd23e65463537850ddf11455d956c.jpg	V Neck
U neck	594_788bab8aa9e2cf3ce21197fc78277981.jpg	V Neck
V Neck	591_a1f9e58e9f862b040730f5b626aaf1cc.jpg	U neck
U neck	2884_be64da8743382a108457f5223b7b6b66.jpg	U neck
V Neck	200_29d5613c6e2da9ebcb822a82f4c5d49f.jpg	V Neck
V Neck	1891_837092c082b1c916f3a88e82b35261f0.jpg	V Neck
U neck	585_410e89e090febbfcd38dce100e26cde4.jpg	V Neck
V Neck	533_44d6b69d74472951f859dcbf55faaedf.jpg	U neck
V Neck	5372_7b7c8693ff030f4713fd2e0b8b0c1b46.jpg	U neck
U neck	5181_62473ea186c6dfae2d8e8a6631d45bee.jpg	U neck
U neck	5749_d92c476efd681d08a53ea744a2b81181.jpg	U neck
U neck	859_ddc6b076b46a3da0ab1cbf26bdf11252.jpg	U neck
V Neck	4977_001c72f06f0be9e09483aded99962d67.jpg	V Neck
U neck	3867_bcce81d0435171ef2ab72685a301894a.jpg	V Neck
U neck	5219_408298e8bdca1c026dd67fd69886e9c3.jpg	V Neck
U neck	1253_490b5cc7b11e82465cb3548a87f03d59.jpg	V Neck
U neck	994_8089304099993010b3d6e7e67e843610.jpg	V Neck
U neck	5473_5acea199cb586054d9b6cb16ee9edbf7.jpg	V Neck
V Neck	2586_1849f9abcdb5094606f7b545fdf84a66.jpg	U neck
U neck	4567_0ab5c07501759a4dbae0463277290207.jpg	V Neck
U neck	945_3685d7a3e5e9740fa2df932625c5a96c.jpg	U neck
U neck	3937_3b01822f28730377ba413225bd4cd676.jpg	U neck
V Neck	5187_734c752e50745d94cdc69defa474a7a4.jpg	V Neck
U neck	2237_b27432d0ce0f6fd579b96fbbf15e5112.jpg	U neck
U neck	8_a88a689e2eadbc71ecae87b816cdc78b.jpg	U neck
U neck	1195_02647a0d81429f268498d6d2c754d6f6.jpg	U neck
V Neck	294_6045d59a80b5debc152859451c365a71.jpg	V Neck
U neck	488_f5badada3eb20270e21022764495b0a4.jpg	V Neck
U neck	1746_8903a85e80ea0597087d6cb282bd4505.jpg	U neck
U neck	5204_2cdcff3b51de04abd6c9df774e1a2ee5.jpg	U neck
U neck	4655_0493df86e4e98752b8ed0c22eeb8d208.jpg	U neck
U neck	4640_2c8de9f1894e463911534e7b76a13ccc.jpg	U neck
U neck	3316_e4d6123b3acc819923a107a29d2e5ac0.jpg	U neck
V Neck	3094_67c2a1864ae5d0e1721e9ac86307a94a.jpg	V Neck
V Neck	447_2cbbfc07a34e9ddd2e1749abc6bd5ea1.jpg	V Neck
V Neck	5503_b6e4ad8a6ace7ce79820061c510ea4ec.jpg	U neck
U neck	3655_8627f33d686fb679e49b28b0fbf2a13e.jpg	V Neck
V Neck	178_b7f72e1b97a675fc0741adbce7785721.jpg	V Neck
U neck	4083_c2b66313f212aaf74bfeb7071872575d.jpg	V Neck
U neck	5235_94141905e258c0e7eab180900ff4e5c1.jpg	U neck
U neck	2120_493aadaa8be38e5b83f3b8f6fb7d44d6.jpg	U neck
U neck	529_3bd5ec6db9ebd3e56b0b8ea83754c295.jpg	U neck
V Neck	3283_88dc819b6d3150bf492026d95b05c76b.jpg	U neck
U neck	5364_622051ca0605cc4b32a797b5215ed8ba.jpg	U neck
V Neck	1167_2891c1e6d5c327d5c93acd5b0fa7d447.jpg	U neck
V Neck	129_110597b0994b660cc004b6d6faa65118.jpg	V Neck
U neck	3964_120aa869afd73cd9119e5959da52e266.jpg	U neck
V Neck	3355_423f00db12c1ad94003e690b76c2550f.jpg	V Neck
V Neck	4240_172b156fef2f094c4eccbe34a2872a4a.jpg	V Neck
V Neck	511_6ed084a83b2952f11c42e41ca9d1b5b8.jpg	V Neck
V Neck	1072_4a4491580a4b2364987d98ace3948b73.jpg	U neck
U neck	5243_15f73cfea0107ede0e819e9fb153bb16.jpg	V Neck
U neck	2132_516df83f1444685ac985232d39dc3714.jpg	V Neck
V Neck	4962_833942afd4144787acab8b4d6dc8483d.jpg	V Neck
U neck	1288_9fb9bba7d377631befa9b4af8f04e549.jpg	U neck
U neck	3881_8a2f36be55e27d24cccf02778ec462ec.jpg	V Neck
V Neck	1203_c7f952f90716975916a94c21d8fcb667.jpg	U neck
U neck	4673_1f3a9a6e4eb3330a1e72b51fb63592e5.jpg	V Neck
V Neck	4541_84db24cdf7c1da69a0595248521decf6.jpg	V Neck
U neck	1385_bcc9144fefeea543243261e4ef8fee31.jpg	U neck
U neck	208_6e6e96d0a4029af3b67054224ce4c269.jpg	U neck
U neck	1949_b8b1105909fa19dc04aff1ecfb099e94.jpg	U neck
U neck	5500_a8ff6debb3895a617e8fa5a23ee8d6e3.jpg	V Neck
V Neck	3740_25bc5f35580841f2c81a4eb196a80ba4.jpg	U neck
V Neck	5085_6a125d7cc6279246fc7fd3f2dd213b59.jpg	V Neck
U neck	4618_0e6d8ca25a3183c15f1f2f20f1e1a341.jpg	U neck
U neck	2129_f05c71a0c179ff72334fe37ca605f0c9.jpg	U neck
U neck	1697_dd644a661b50ab9ed13d5f68d52bb6b9.jpg	V Neck
U neck	2400_8aae4f996fee6853cd6b3876e707142d.jpg	U neck
U neck	3538_6e997fa199630f73bc94180fcf8ecb77.jpg	V Neck
V Neck	1904_91df71da90474f7bca27271341cd8aae.jpg	U neck
U neck	1812_c64e233529af4b300ebd39324064a19a.jpg	U neck
U neck	2508_49ac4b634ff75320bea488c89e647d8d.jpg	U neck
U neck	5111_6f33a4096db7dc944161d62a2540bcd8.jpg	V Neck
V Neck	1861_bcce23e47b45080bb0271df9e78a0cdd.jpg	U neck
V Neck	4322_77eefe5eca84e4dfc230b69a95bf1c52.jpg	U neck
U neck	171_f37f0bf55b9cfffda1039391c2b52bd6.jpg	U neck
U neck	3468_3675aa5bcaa8ef3213a77b96320aed63.jpg	U neck
V Neck	2217_d667116b28b4051bbce6314194cd6dc8.jpg	U neck
U neck	1511_f71e20daec42e4d03de3e3276a910b3f.jpg	U neck
V Neck	1415_7648f111b9cb2f68ec56afd33c3af502.jpg	V Neck
V Neck	2552_3ff0fc7e0afd20165bfe70322b58f83d.jpg	V Neck
U neck	3771_fb16ce076b8fa262e47765b5ea3140f1.jpg	U neck
U neck	5487_1745ec2edf1b67d4eedcb14928df8d23.jpg	U neck
U neck	3603_6cbe9610db73b90c52c9c11fbb5dd007.jpg	U neck
U neck	1217_23c6f4f2d6d2a85b891b31d3e6dee2b5.jpg	U neck
U neck	1793_e6dcd0f5ca96bad3877dbe555821de2a.jpg	V Neck
U neck	1127_b09095dfd02ee341beb9bcd47c2d8fe7.jpg	U neck
V Neck	1814_eeda3daee136867b72ddf21b55007d88.jpg	V Neck
V Neck	1123_59101c5b43e04a72b754b49446033c77.jpg	V Neck
V Neck	406_894f8a2a9c8c6b28f6ca206eafa63da3.jpg	U neck
U neck	4365_8241675cad9f9556354b5b51b2b86138.jpg	U neck
U neck	700_566315ee7c933d6c0bdac7a8a881613e.jpg	U neck
U neck	2145_46cdba976d63033413850a12769c1fcc.jpg	U neck
V Neck	498_d9725ecbe865ddbe955defc887633b3a.jpg	U neck
V Neck	4653_a687227855ded8246da5f8ede8e15a51.jpg	V Neck
U neck	2292_35a4b2e0dfce176cff0bdcd18b5f229b.jpg	U neck
V Neck	5202_a1fddbcac8811669af39fceb8ca070ed.jpg	V Neck
V Neck	1137_f9d6e9bba415bb430017bc051fddc421.jpg	V Neck
U neck	2119_874833703a8e7c75164d9fb4b5f7ade1.jpg	U neck
U neck	4719_0b7134ebfe87264fe4460cf855f70d1f.jpg	V Neck
V Neck	73_db350f1b383dd71d56b9d45415924336.jpg	V Neck
U neck	1502_69d25fced2bce6aa061a7216cd7cb5dd.jpg	U neck
V Neck	2559_7a4bed737fe3d8596686d6759b3b7341.jpg	U neck
U neck	3472_6d5d36ea13d020097a5c64b585c98a84.jpg	U neck
V Neck	4214_90d6deffd6ae0d2609e5f56d01e21760.jpg	V Neck
U neck	1607_186288b1281d29bc0ba5ac5aa8931f5d.jpg	U neck
U neck	5251_f221cb416073dbc0f90e0b2fc47bee7e.jpg	U neck
U neck	5419_4b77e966f454ec9c7d71d29a18f9c198.jpg	U neck
U neck	521_5e9a3fbc74d0b0f1fc15a6285be08e34.jpg	U neck
U neck	2039_e22f91522cac67b37d58489f38db915c.jpg	U neck
V Neck	120_9ecfd6bfd332ac76c3236b031d0f212e.jpg	V Neck
V Neck	3658_08eff4f2629fcc95549a6f64224f0708.jpg	V Neck
V Neck	4819_9b26046a146bc6feda3def3d547ccf2d.jpg	V Neck
U neck	2543_7b05d8400348d09452614fb6f3f270d1.jpg	V Neck
U neck	5156_63c32bae53fbfe059c0c400ecf2052af.jpg	V Neck
U neck	5043_58105b1f6a01985262aa6bf3aa611c2c.jpg	U neck
V Neck	1267_54feea80cffa61f122673bf948032986.jpg	V Neck
U neck	4759_8eaa82a4ea6e98ba9e845fec1a0c226b.jpg	U neck
V Neck	4298_511455997f4cb6d55ea75151037f7e2d.jpg	U neck
V Neck	3796_825c2ae15967bbfa86e006c2ef5698f6.jpg	V Neck
V Neck	2846_96b70575ec41d962c145a16dd63fbe78.jpg	U neck
U neck	5420_776d4f4cd93db11790beb2db9de543a7.jpg	U neck
V Neck	5166_42bf94ca6c121d0e719ebc3f9579b8cd.jpg	V Neck
U neck	3856_c45706a72a4c29d14a4c9941ade0e43b.jpg	U neck
V Neck	2202_7a73d3a7f66a4755ff04b8d2b0719a06.jpg	V Neck
V Neck	3724_1060da852059104e9e7703ae05d1b619.jpg	V Neck
V Neck	1974_a39de784fbd061c6325f07f61ff7f3bd.jpg	U neck
U neck	5038_456049c5d76c19d769a5b12a15bc7c94.jpg	U neck
U neck	4738_5b3537a3113e8af1ca631f9e55e24b8a.jpg	V Neck
V Neck	1426_50fb4741e694ebdd7228a8565227553d.jpg	U neck
U neck	1559_d79280efaaef8bc9008bced5956628e0.jpg	U neck
U neck	2648_ea8e730c3a9d4025378773753e5485be.jpg	U neck
V Neck	2153_c0ff3cfcba113b04f6eeb62dfac56b66.jpg	V Neck
U neck	3830_8f7b90651527065ff3b40f2071c27f1a.jpg	U neck
U neck	4316_ce2bde9972468ed652536cdac94cb5e0.jpg	V Neck
V Neck	2746_1b7892751c3c1f0bffdf460b14f10933.jpg	V Neck
V Neck	4670_d0b10489044d247ff8a4a0449347b452.jpg	V Neck
V Neck	3703_384b8d4041f9b031b9207eb3c13ba41a.jpg	V Neck
V Neck	5750_27d1a2f434152ea19d671c222e658c6d.jpg	V Neck
V Neck	5179_20e22aece3848c9f70dae18c2d2dba39.jpg	U neck
U neck	4451_6d611f54953480147caeca11e0893b67.jpg	U neck
U neck	3686_3febe481c95d8d44eb9fa1661bd3adde.jpg	V Neck
U neck	2604_52a9b129e5784a65b458b9a17e469fd6.jpg	U neck
V Neck	4877_55ead8084d18c4292974e6b5fd3a749d.jpg	U neck
V Neck	4658_0ff05d0336f73583ee7e5587ca8a67ae.jpg	V Neck
V Neck	181_550781618abeededbc458943f4d2cee3.jpg	U neck
V Neck	1646_843a075b1ae6d10706691032b6054218.jpg	V Neck
U neck	4036_3b7c3141a5636f07d89ab634fec70ef0.jpg	U neck
U neck	4668_72d20b1fb109676402eb8274ab26bde2.jpg	U neck
U neck	5353_b4a2e7acfd0c55715da11daaa556d6b0.jpg	U neck
V Neck	1223_263b8b501a32b2732f73b2f589c0ca79.jpg	U neck
U neck	5620_17d6144cc36812a0d6ee733d1e0bfc4e.jpg	U neck
U neck	3831_e3731f88b8cc7dea407468996c5db5b9.jpg	U neck
U neck	2689_fc86fe35585bffa2826918f4c7e8d256.jpg	U neck
U neck	2070_8df4145c2dd44e88e84ec5765e6196e4.jpg	V Neck
U neck	3402_585d80b49f4c4435d377ba94320d524f.jpg	U neck
U neck	2118_95c9b8f66f843b8ca6ff61430ed8e553.jpg	U neck
U neck	5074_213422505d6459b8d2dabfd04c3976b2.jpg	U neck
V Neck	2566_e41fa1340ce1144ead062d05a4968bc2.jpg	V Neck
U neck	4345_2c74129b6963a01bbf562d707feb7a2f.jpg	U neck
V Neck	1754_ed112939e4875e0093fe5284b802e2ae.jpg	U neck
U neck	3146_1c7525536722be892c8ed79d6fdcbcdb.jpg	V Neck
U neck	5078_1ea4d399c2d532dd8af9193fa914ad73.jpg	U neck
U neck	1611_748a5201b351f2fd9557340167c6a866.jpg	U neck
V Neck	4363_8aea43a1e41474b225f189c1482b6e9d.jpg	U neck
V Neck	1063_8afb8f9846df4651f347b8c739e876c4.jpg	V Neck
U neck	821_9f433625834727ccdb774686e2d62ad8.jpg	U neck
V Neck	5656_1e6a644db423c9ecf0cc0bec7dd248be.jpg	V Neck
V Neck	2540_d83d5c2d2df1e1f6b686291e03ed355f.jpg	V Neck
V Neck	2897_186cc16d73b446c61d6f2aba77a922b5.jpg	U neck
U neck	2667_3b3171343ef693d7eb6797793fce045d.jpg	U neck
U neck	4713_697077eb704b294814d95e02ec45324e.jpg	V Neck
U neck	1147_0ea32b64dbe1d20f8722687099b7691f.jpg	U neck
U neck	3700_6db8bdda95209322f51870a2762c2a1a.jpg	V Neck
V Neck	4127_02f70d447ce669360c2ccb096381615a.jpg	U neck
V Neck	1306_5b009d95b13a9070fc7004b38d5af8a5.jpg	V Neck
U neck	779_1002c20b75af22bfd3e05378afab93a8.jpg	U neck
V Neck	2603_4285706867ff166bd1d9a26cb950b26f.jpg	U neck
U neck	3374_4dc1fc87d7a0498d5813f4900d96906d.jpg	V Neck
U neck	4778_acc4b54be7de7a3ec1d58ccb348a4395.jpg	U neck
V Neck	1798_fd88813ee0b47430e836087fd2b5a4d1.jpg	U neck
V Neck	1215_3b2f68a960162f91134290f0114e5921.jpg	U neck
U neck	654_db077d5437069690a2aee4bd1530aa15.jpg	U neck
U neck	1351_4763aa57465e59bfb7b0138ef35d24e4.jpg	U neck
V Neck	747_910b7d81be6aed93953ee675e59f296f.jpg	V Neck
U neck	2877_fbd67f37bb924988288e8034692b65b2.jpg	U neck
U neck	5694_4465909a5fc15b8f74ac39a6eb22904e.jpg	U neck
U neck	1851_4e04428fbc8fd30c69c4c9f76c12bb61.jpg	U neck
V Neck	247_4acb79e3a936511ede14e616bd483b3b.jpg	V Neck
U neck	3996_08129c7fb86f3677877e8191fb22d1bf.jpg	V Neck
U neck	4632_33472034bbabac9c090449a021480db9.jpg	U neck
V Neck	5275_aded12cc08d83e0afa03cd91f3a1f636.jpg	V Neck
U neck	4420_3ada3c0ee172b01f4579d9a664184589.jpg	U neck
V Neck	1778_8da0e8551c1cb9ab0bee2555b224e4b7.jpg	V Neck
V Neck	173_99d4cba0e3f631401543c88d91a787b6.jpg	V Neck
U neck	753_d628e5caea52f3b97ab25028fa43692f.jpg	V Neck
V Neck	2300_d51f9e8bcb41477d2aef6e15078cc22b.jpg	V Neck
U neck	229_7041adde5f6344c38d8ecdbc6fa3954d.jpg	U neck
U neck	5020_c97cab8006d594004a3a5463b44d7a9c.jpg	V Neck
V Neck	1478_2e47761ecd8aa423f7a5a0d947fb993b.jpg	V Neck
U neck	4635_434f1329e8ff50df3a2b3842f85e5e62.jpg	U neck
V Neck	4167_e2880b85e0c21af4ea6cc0aa57c34799.jpg	V Neck
V Neck	4623_eac95c1c413556e636f666f170fd7f33.jpg	U neck
U neck	5488_f3d9f8a9b01e23a794bd83059a9320cc.jpg	V Neck
U neck	88_8f2dd7a9d4550df5f49a71b9d0a2f471.jpg	V Neck
V Neck	2679_dcdec35a324e3af985803e380a14a6cb.jpg	U neck
V Neck	4677_2f44eaa0f2b5f7b38fa69f9bf04fe5f6.jpg	V Neck
U neck	1427_82487ef329050efbc1344f4ceff9c4df.jpg	U neck
U neck	4387_626f9292eae6ec0afe3a028d068381fe.jpg	V Neck
V Neck	4286_64228f0b8f121b7b409e8b7056a800f9.jpg	V Neck
U neck	1354_656e3389a1d806874a782865acdeaa34.jpg	U neck
V Neck	4329_e665c67269a6b543f6eff1057483ccd1.jpg	V Neck
U neck	451_d550460986172df5e9880405fe3e55d6.jpg	V Neck
U neck	5447_c3c4893b4099d37923d73110cfb13602.jpg	U neck
U neck	5347_3c986697733b7ef647af06a7ee3976a9.jpg	U neck
U neck	4752_3bcc4fb86512c8736be305285179d683.jpg	U neck
V Neck	2100_15e3b5571e592eb2b33351eb3bad1d05.jpg	U neck
V Neck	2922_d9aad2291f5dff7451e15af93abeb877.jpg	V Neck
U neck	1043_6c508c8743ade558a89c841ad2dfa88e.jpg	U neck
V Neck	514_31b4963adac4031e793a0856d0895ff3.jpg	V Neck
U neck	3372_dc345d88516fce6cc4f54b10dafa6d37.jpg	U neck
U neck	2993_00cff393a56dd70778b509dea1c8afa1.jpg	U neck
V Neck	717_1c0ac58f06183d14521c5502215db573.jpg	U neck
U neck	1011_9940aec5b81e05ce2771bc3938838bdf.jpg	V Neck
U neck	1948_302b5149918ffc2cfee2197523fe97f9.jpg	V Neck
U neck	4694_d0968321c57d3fb58a745668ad1a9a3c.jpg	U neck
U neck	5387_7ef7d0ba10cda6c86ef5508c33a6e4f7.jpg	U neck
V Neck	2066_e1842794a08f3906cef66f3b24ef11dc.jpg	V Neck
V Neck	3588_a2e17c2a2278779830c02e73507d9a59.jpg	V Neck
V Neck	1469_b5ebee7f13f6ff737c9440d3cd01a270.jpg	U neck
U neck	326_98a13c435ecd9f0630e416e845dfce7a.jpg	U neck
U neck	2547_6e14afa98ee15e1735c97528af73811b.jpg	U neck
V Neck	134_2ffce5968f8b490d8bf7d9b86be2a8be.jpg	U neck
U neck	2323_2cc9f1bb5417a4b871f44e5e866d2762.jpg	V Neck
U neck	4206_7a62b65cb617317650d24813be57e5b8.jpg	U neck
U neck	3508_85f4d9a02a59a0e237d713db490d3850.jpg	V Neck
U neck	4822_398c9b0fa01ce87cda51a62ab20a20ba.jpg	U neck
V Neck	1457_3f3709471830f835f58707171cfb6832.jpg	V Neck
V Neck	1474_127a542778b8d2841fd4373aac7f837e.jpg	V Neck
U neck	4000_fe9007d8e790795557b696f4b8654536.jpg	V Neck
V Neck	3352_badfeae4f673802f8e4d6aa71e400fc7.jpg	V Neck
U neck	5052_82df5851d3be6ad6219e31cc97a022c5.jpg	U neck
U neck	415_345a45e4620cacb8f29c8a217a0e1f3d.jpg	U neck
V Neck	4970_c0d418a01761cf6b9b9d3cb38ac01fc8.jpg	V Neck
U neck	5231_b06af5081a1fa674781475e0a129f316.jpg	V Neck
V Neck	1441_92a9e1325b7f6cea28d606516bb5f1a7.jpg	V Neck
U neck	5669_48157c98ecf9e6b7a2ee1a1cab00e559.jpg	U neck
U neck	1275_090aecac966a94c6a40de143ad311017.jpg	U neck
U neck	255_114c36d5b31646ff9f76d8dfc1dc747f.jpg	U neck
V Neck	1419_d202b8e69c0f3d65b9debcbb81368397.jpg	V Neck
U neck	1194_07611d32029fbcfe143a39eb54073dda.jpg	U neck
V Neck	5426_de3caa185bdcb8b7bb18fa93a3a0e0ce.jpg	U neck
U neck	162_73fd2b13a7c337c888b155b83246b93e.jpg	U neck
U neck	784_2e2a801c86f2a07282a352408b0185ef.jpg	U neck
V Neck	1970_aca88ec5b0288e2afe310ae37aa23eba.jpg	V Neck
V Neck	4125_0b27be9920f6683b38cef2f286b3e1f4.jpg	V Neck
U neck	2785_dd1085f47f7e8e323bcd04fc029d4160.jpg	V Neck
V Neck	1204_1730eb916f5a04991d72afef66203d95.jpg	V Neck
U neck	1413_e71b24e0d93614307c3a9837633c1570.jpg	U neck
U neck	3542_4aa1f070f28ffb063aae1ffb63f1377b.jpg	U neck
U neck	3776_eccede208c9cf277404f3105793f8c19.jpg	V Neck
U neck	1193_36a2d34132033d2b486d0ae86bcc6d44.jpg	U neck
U neck	4392_9d5ea72c524ae499f464d8ea537b4818.jpg	U neck
V Neck	838_584c9842683be2ed3846eaa85e4b1d1b.jpg	U neck
U neck	1299_035d14cd4a0d749403832f485a7c228b.jpg	V Neck
U neck	5633_f85afc1e91eb047179da08ddd86a7877.jpg	U neck
V Neck	732_600ec126163823fee97c288c559a2331.jpg	V Neck
V Neck	100_7eabc42ba3994ec9a3617ffaa625fdef.jpg	V Neck
U neck	5064_a3a62a0d0c1737668fa57400693d029b.jpg	U neck
V Neck	1879_c8afe36f4e10aa78be554c5cb876aca5.jpg	V Neck
U neck	3139_a506fa6b2e960c643c3c4aa07df39537.jpg	U neck
V Neck	1967_70056cc0ba183fce849a2db7017548bc.jpg	V Neck
U neck	4758_40a0cad260c423aee43bd8917310ca78.jpg	U neck
V Neck	157_7d233000c89831a33ae1a639af6931c9.jpg	U neck
U neck	5404_4e6a3b6260776cbb53c1cc041303d925.jpg	U neck
U neck	2430_77d46d93041496b35a3dfddc3c4581fa.jpg	V Neck
U neck	4410_a24515d37d0044d314f900816ec5807f.jpg	U neck
U neck	5489_ed5924145ae0bbae1668ca393f021b4e.jpg	U neck
U neck	2364_c833e0b230ca44a1494339a934b2344d.jpg	U neck
U neck	1493_e35d1f67709e5cb822010a69b471d1de.jpg	V Neck
U neck	1749_75b88acf9647445b9c6d0d1f1f7659cb.jpg	U neck
V Neck	1044_218d41509a0582c780c64b54675a1f86.jpg	V Neck
U neck	4285_f20501933dff448bbfcf6803c8271afa.jpg	V Neck
U neck	3016_58d2aa724996513fd81e5227c39a0493.jpg	U neck
V Neck	4056_7fa33712d70fcc8fbfc172862703bd04.jpg	U neck
V Neck	2307_80fc549b133daf423e2aecfdda081e52.jpg	V Neck
U neck	853_2c72d70632a9396ee44a8262cf1e0a1f.jpg	U neck
V Neck	4608_a37b0c43256142c1164eec9d57296d51.jpg	V Neck
V Neck	3599_9bfb0f75f29728b516be00b38bc6fdeb.jpg	U neck
V Neck	5024_f48e204f45aa12b316d609bde854cbc4.jpg	V Neck
U neck	152_7ff7f7061d99ec459299525f3fca749d.jpg	U neck
V Neck	2455_b6e69a6f01c2b59dc71bbfeccaaa1785.jpg	U neck
V Neck	5474_aed76ef345624fa77a4dab7defa42376.jpg	U neck
V Neck	564_df1d00449735d56183dbd5d3d4f83650.jpg	V Neck
U neck	1126_a423164ca53ca118b41691da8dbf9f69.jpg	U neck
U neck	1446_de21ba6edadb950844033a434e6e81b7.jpg	U neck
V Neck	492_2be4d64df87f60497925b7c70d680d84.jpg	V Neck
V Neck	5693_9ed48e09b09da2b05b4c2d4699ede576.jpg	V Neck
U neck	1438_06e88b93bf1cc3f39cb9151115e81475.jpg	U neck
V Neck	4228_7b6f68bc6be314e56566e74d510483e7.jpg	V Neck
U neck	5269_111b971e41da5a220ecca52a47ca0586.jpg	U neck
U neck	2333_3c3fee6caf7f6b04e6c3cebbfe7ff128.jpg	U neck
V Neck	5769_92f02e7035ace2e36088371be4afe068.jpg	V Neck
V Neck	301_02056e73fd9482a5d4104cfa170ebc95.jpg	U neck
V Neck	1170_b73f2b3a11ed37d2becd74f00edad67c.jpg	V Neck
U neck	5259_acbb616388906cce6f62182c8d54f15e.jpg	U neck
U neck	3377_e35b5233a8c8a8cd95dd3fa2f6c118b2.jpg	V Neck
U neck	4711_14119738ca5bb1d98d59a2e6ab083e11.jpg	U neck
U neck	3235_fc79dcc37d555fa69101aadb1401b060.jpg	U neck
V Neck	3821_48576b1113c9bb55095f4c35bd478869.jpg	V Neck
U neck	2512_741ff49490f1a02b3d579cb990550694.jpg	U neck
U neck	2561_4134fda23f1f9a655bc0c8c5f89dbc30.jpg	U neck
U neck	4905_cd31e07a46365392336f0f7354f992f3.jpg	U neck
U neck	2921_1a4f2abd124997036e2bdcf0f2884e53.jpg	U neck
U neck	3687_edf3c6dc4012fb533460c27026ea3b92.jpg	V Neck
U neck	3813_b481ba8a324dc333a4b8f2e0ad2edfc7.jpg	U neck
U neck	1639_de4bcae536f4cab013f54254ae7e10db.jpg	U neck
U neck	583_a71ffd37109c117e9f144da1cbab56ce.jpg	U neck
V Neck	4168_c3160abaf6e0e59fb4b1f065ca031b86.jpg	V Neck
V Neck	2738_459af06a623699655a28edee0fceecd2.jpg	V Neck
U neck	2060_304c64d9bcc534630c7ef21e54043593.jpg	U neck
V Neck	2000_7be65c454eaca49d1b1b270f8d192169.jpg	V Neck
V Neck	4091_9298b9a3e7dd44e11abf51f5f6cb895f.jpg	V Neck
U neck	2790_3e0dda6b5c2fed49d513b939f75dcdc9.jpg	U neck
U neck	4460_3447522641075becb64d08eb76a54346.jpg	U neck
U neck	3320_4ae2a82d5313278424ac02a37c9c974e.jpg	U neck
U neck	2121_b8465767c3774c60152c42d5ae72909d.jpg	V Neck
V Neck	4976_bd879ed467044b1332c67afd0d4f25a8.jpg	V Neck
U neck	2717_3bcaca795652b048ad922214bbe8d24b.jpg	U neck
U neck	611_1be7041cd2a4635d70e502e183be6795.jpg	U neck
U neck	834_326828ca93b97f3a6db1a99522d50997.jpg	U neck
U neck	3112_36ac9990801452448c76911a4b1276ad.jpg	U neck
U neck	5006_8aa091e705d800e5df3161b0cbc8cb32.jpg	V Neck
U neck	2137_2cdbfcd7985c8ac09934491d3e971765.jpg	V Neck
U neck	5201_e8c64d8387bf5c49ef1946f9624da526.jpg	U neck
U neck	5415_76d4a4bcde40ce1b1e86a496ce8c12a5.jpg	U neck
V Neck	4665_56dee615550f401efc0bac70a0768f14.jpg	V Neck
U neck	314_9462c40494a07bab4773686f72a7f053.jpg	V Neck
U neck	5675_85f914074c22435f0469c6a44038dd7a.jpg	U neck
U neck	4145_010004aaf7354211968a8f7a7822a386.jpg	U neck
V Neck	1138_139af591684691a80b971766a6d028fe.jpg	U neck
V Neck	2975_0dbe228d6277171da8bfaebbfd7ae1e4.jpg	V Neck
U neck	3392_5d1c1677e2dc1c9d1e141e1b7f6bb0fa.jpg	U neck
V Neck	67_b8c457bda0965d6466cead738b6d52d6.jpg	V Neck
V Neck	1699_5925c862a9c827b7047b4a79f5d212e1.jpg	V Neck
V Neck	2622_9c54d899d0d32847293adefa8edf6c97.jpg	V Neck
U neck	2818_0d309ed045dfe30226dd2cc4b2e99656.jpg	V Neck
U neck	2745_f8c937a8eaec33c3652d134d809d890d.jpg	U neck
U neck	1378_06dfa45ebd196c1379ff5a850d613841.jpg	U neck
U neck	1254_8a5d6b977958ad25f8d6b509b0777584.jpg	U neck
U neck	501_4ad66f20c6d43261c1bbe97ab813bbc2.jpg	U neck
U neck	1013_e1dd9c10107e05d89c97bb8049d980b0.jpg	U neck
U neck	4993_2502cb1d470ee887c7d3dddc54a585ec.jpg	U neck
V Neck	1895_8571746a04a0726d6b9eced41a06c53a.jpg	V Neck
U neck	4728_43c234b55d0f01adc8bdca5aaacdfa80.jpg	U neck
V Neck	2309_c5f9f11fef02000ec30f1f6315bb2ae4.jpg	V Neck
U neck	2173_a9d3711d2b3f2b2768f86f551c66934c.jpg	V Neck
U neck	5058_634589bef7f35917e6794ae433a7e1c0.jpg	V Neck
U neck	4511_62aa2918d96595a58045734609f37780.jpg	U neck
U neck	4441_97f2a3c84db44ab2ee58b7308115662c.jpg	V Neck
U neck	3785_aaac1d517d45937efd1e551edc837a60.jpg	U neck
U neck	1414_9a078193d6e066e3e69105cf5c93394c.jpg	U neck
V Neck	2079_c053bab66eacd9c705753c2fc5eab470.jpg	V Neck
U neck	4854_38e39dead0245d051986c0564c78ec0a.jpg	U neck
U neck	4267_35fa15ebf4bbda6891345c3a9517b29b.jpg	U neck
U neck	1363_28b3c3a8d455ccab396c738a6fe1427f.jpg	U neck
V Neck	742_cf31f8ffabc053908f4af5aa2e27c331.jpg	U neck
U neck	792_3a502f784f96527e17c49cc19ecf7e1e.jpg	U neck
V Neck	5548_3e8c35b5bb23454fb93c02937c4d9360.jpg	U neck
U neck	2937_b6149cc4daf5faa9c0d76a90816c1463.jpg	U neck
V Neck	3122_c40662a2d90ee61c887c83b1d9e983a0.jpg	V Neck
U neck	4769_c3dda2f4714f404d098e5485ff369fc9.jpg	U neck
U neck	799_770cb707721e124b87f0dae24461a4ea.jpg	U neck
U neck	2956_17cddf975951b94390e86e9f50552fd1.jpg	U neck
V Neck	535_52c903f7aa416183b0cb83c6f8ae476f.jpg	V Neck
U neck	3931_e58f6822f3e270d6c0cd029cf0815fe0.jpg	V Neck
U neck	810_11718f3448aaa5ff2e22f16d0f6e2005.jpg	U neck
V Neck	1977_bd24c27ce15c3d7d5efbf7a1668cd004.jpg	U neck
V Neck	3071_acb39e6b9281ff121b4cb3ab4a472902.jpg	V Neck
U neck	4846_4581a915b65c142b9afa2da76fda10e2.jpg	U neck
